vertion,1
checkposition,1
FullName,Vaule1,value2,value3,value4
_var_begin
_var_begin
_var_begin
_var_begin
_var_begin
_var_begin
_var_begin
_var_begin
_var_begin
_var_begin
_var_begin
_var_begin
_var_begin
_var_begin
_var_begin
_var_begin
_var_begin
_var_begin
_var_begin
_var_begin
_var_begin
_var_begin
_var_begin
_var_begin
_var_begin
_var_begin
_var_begin
_var_begin
_var_begin
_var_begin
_var_begin
_var_begin
_var_begin
_var_begin
_var_begin
_var_begin
_var_begin
_var_begin
_var_begin
_var_begin
_var_begin
_var_begin
_var_begin
_var_begin
_var_begin
_var_begin
_var_begin
_var_begin
_var_begin
_var_begin
_var_begin
_var_begin
_var_begin
_var_begin
_var_begin
_var_begin
_var_begin
_var_begin
_var_begin
_var_begin
